"Date","Price","Open","High","Low","Vol.","Change %"
"08/31/2025","11.90","12.00","12.10","11.90","2.37M","-0.83%"
"08/28/2025","12.00","11.80","12.00","11.80","3.59M","1.69%"
"08/27/2025","11.80","11.80","11.90","11.60","1.71M","0.00%"
"08/26/2025","11.80","12.10","12.10","11.70","3.11M","-1.67%"
"08/25/2025","12.00","11.70","12.10","11.60","2.89M","2.56%"
"08/24/2025","11.70","11.50","11.80","11.20","2.71M","1.74%"
"08/21/2025","11.50","11.80","11.80","11.50","2.41M","-1.71%"
"08/20/2025","11.70","11.90","12.00","11.60","1.83M","-0.85%"
"08/19/2025","11.80","12.10","12.10","11.80","3.61M","-2.48%"
"08/18/2025","12.10","12.30","12.40","12.00","3.82M","-1.63%"
"08/17/2025","12.30","12.20","12.40","12.10","5.08M","1.65%"
"08/14/2025","12.10","11.70","12.20","11.50","5.59M","4.31%"
"08/13/2025","11.60","11.40","11.70","11.10","2.88M","1.75%"
"08/12/2025","11.40","11.60","11.80","11.40","1.96M","-1.72%"
"08/11/2025","11.60","11.70","11.90","11.50","2.24M","-0.85%"
"08/10/2025","11.70","11.80","11.90","11.60","2.18M","-0.85%"
"08/07/2025","11.80","12.20","12.20","11.70","3.29M","-2.48%"
"08/06/2025","12.10","12.60","12.60","11.70","5.73M","-2.42%"
"08/04/2025","12.40","12.70","12.80","12.30","6.28M","-2.36%"
"08/03/2025","12.70","12.70","12.90","12.60","6.96M","0.00%"
"07/31/2025","12.70","12.80","13.20","12.60","9.86M","-0.78%"
"07/30/2025","12.80","12.50","12.90","12.30","11.64M","0.79%"
"07/29/2025","12.70","12.50","13.00","12.40","10.04M","2.42%"
"07/28/2025","12.40","12.70","12.90","12.30","8.63M","-2.36%"
"07/27/2025","12.70","12.50","13.50","12.30","16.27M","1.60%"
"07/24/2025","12.50","12.00","12.60","11.70","11.10M","5.04%"
"07/23/2025","11.90","11.30","12.00","11.20","10.29M","6.25%"
"07/22/2025","11.20","10.90","11.30","10.90","2.78M","0.00%"
"07/21/2025","11.20","11.20","11.30","11.00","4.87M","0.00%"
"07/20/2025","11.20","11.20","11.30","11.00","1.99M","0.00%"
"07/17/2025","11.20","11.20","11.40","11.10","3.65M","0.00%"
"07/16/2025","11.20","10.80","11.30","10.80","4.45M","2.75%"
"07/15/2025","10.90","10.80","11.00","10.80","1.66M","0.00%"
"07/14/2025","10.90","10.90","11.10","10.80","4.43M","-0.91%"
"07/13/2025","11.00","11.80","11.80","10.90","6.21M","-3.51%"
"07/10/2025","11.40","11.20","11.40","11.00","5.67M","3.64%"
"07/09/2025","11.00","10.70","11.10","10.60","4.38M","3.13%"
"07/07/2025","10.67","10.10","10.76","10.00","3.78M","6.67%"
"07/03/2025","10.00","9.90","10.10","9.81","835.01K","-2.91%"
"07/02/2025","10.30","10.30","10.40","10.20","958.88K","0.00%"
"06/30/2025","10.30","10.30","10.40","10.20","643.16K","0.98%"
"06/29/2025","10.20","10.20","10.30","10.10","749.16K","0.00%"
"06/26/2025","10.20","10.50","10.50","10.00","1.28M","-3.77%"
"06/24/2025","10.60","10.60","10.70","10.50","1.31M","0.00%"
"06/23/2025","10.60","10.70","10.70","10.50","1.02M","0.00%"
"06/22/2025","10.60","10.60","10.70","10.50","889.28K","-0.93%"
"06/19/2025","10.70","10.70","10.70","10.60","718.57K","0.00%"
"06/18/2025","10.70","10.70","10.70","10.50","747.73K","0.94%"
"06/17/2025","10.60","10.80","10.80","10.60","737.05K","-0.93%"
"06/16/2025","10.70","10.60","10.80","10.60","1.89M","0.94%"
"06/15/2025","10.60","10.40","10.70","10.40","882.89K","0.00%"
"06/04/2025","10.60","10.50","10.70","10.50","467.29K","0.95%"
"06/03/2025","10.50","10.70","10.70","10.40","751.23K","-1.87%"
"06/02/2025","10.70","10.70","10.80","10.50","1.04M","0.00%"
"06/01/2025","10.70","10.30","10.70","10.20","1.22M","4.90%"
"05/29/2025","10.20","10.20","10.50","9.90","1.39M","4.08%"
"05/28/2025","9.80","10.40","10.40","9.60","528.86K","-2.97%"
"05/27/2025","10.10","10.20","10.30","9.90","617.07K","1.00%"
"05/26/2025","10.00","10.00","10.10","9.90","671.48K","-0.99%"
"05/25/2025","10.10","10.20","10.30","10.00","190.34K","1.00%"
"05/24/2025","10.00","9.90","10.20","9.80","335.89K","2.04%"
"05/22/2025","9.80","9.80","9.90","9.70","222.12K","1.03%"
"05/21/2025","9.70","9.80","9.90","9.70","273.94K","0.00%"
"05/20/2025","9.70","9.90","9.90","9.60","172.35K","-1.02%"
"05/19/2025","9.80","9.90","9.90","9.60","384.40K","0.00%"
"05/18/2025","9.80","9.80","10.10","9.70","290.59K","-1.01%"
"05/15/2025","9.90","10.00","10.00","9.90","100.11K","-1.00%"
"05/14/2025","10.00","10.10","10.10","10.00","191.91K","-0.99%"
"05/13/2025","10.10","10.50","10.50","10.00","403.19K","-0.98%"
"05/12/2025","10.20","10.00","10.20","9.90","372.58K","3.03%"
"05/08/2025","9.90","9.60","10.00","9.60","480.27K","3.12%"
"05/07/2025","9.60","9.90","10.10","9.60","249.53K","-4.00%"
"05/06/2025","10.00","9.80","10.30","9.60","942.42K","3.09%"
"05/05/2025","9.70","9.80","9.80","9.70","456.33K","-1.02%"
"05/04/2025","9.80","10.10","10.10","9.60","277.71K","-2.00%"
"04/30/2025","10.00","10.30","10.30","9.70","731.61K","-0.99%"
"04/29/2025","10.10","10.10","10.20","10.00","272.46K","-0.98%"
"04/28/2025","10.20","10.30","10.30","10.10","241.34K","0.00%"
"04/27/2025","10.20","10.20","10.30","10.10","313.78K","0.00%"
"04/24/2025","10.20","10.20","10.30","10.10","184.11K","0.00%"
"04/23/2025","10.20","10.20","10.40","10.20","474.39K","0.00%"
"04/22/2025","10.20","10.40","10.40","10.10","460.68K","-0.97%"
"04/21/2025","10.30","10.50","10.50","10.20","423.86K","-0.96%"
"04/20/2025","10.40","10.50","10.50","10.30","236.45K","-0.95%"
"04/17/2025","10.50","10.50","10.50","10.40","335.66K","0.96%"
"04/16/2025","10.40","10.60","10.60","10.40","360.33K","-0.95%"
"04/15/2025","10.50","10.60","10.70","10.40","491.52K","0.00%"
"04/13/2025","10.50","10.70","10.70","10.50","778.57K","-0.94%"
"04/10/2025","10.60","10.70","10.80","10.60","541.09K","0.00%"
"04/09/2025","10.60","10.90","10.90","10.60","528.83K","-0.93%"
"04/08/2025","10.70","10.80","10.90","10.60","736.21K","-1.83%"
"04/07/2025","10.90","11.00","11.10","10.80","619.97K","0.00%"
"04/06/2025","10.90","11.00","11.00","10.80","310.95K","-1.80%"
"03/27/2025","11.10","11.00","11.10","10.70","782.46K","2.78%"
"03/25/2025","10.80","10.80","10.90","10.70","781.49K","0.00%"
"03/24/2025","10.80","10.90","10.90","10.80","317.00K","0.00%"
"03/23/2025","10.80","11.00","11.00","10.80","408.80K","-1.82%"
"03/20/2025","11.00","11.00","11.10","10.90","443.51K","0.00%"
"03/19/2025","11.00","11.20","11.20","10.90","630.96K","-0.90%"
"03/18/2025","11.10","11.10","11.20","11.00","662.31K","0.00%"
"03/17/2025","11.10","11.20","11.20","11.00","842.94K","-1.77%"
"03/16/2025","11.30","11.50","11.50","11.20","506.24K","-1.74%"
"03/13/2025","11.50","11.00","11.60","11.00","1.22M","4.55%"
"03/12/2025","11.00","11.10","11.20","10.90","464.05K","-0.90%"
"03/11/2025","11.10","11.10","11.20","11.00","231.45K","0.91%"
"03/10/2025","11.00","11.10","11.10","10.90","147.47K","0.00%"
"03/09/2025","11.00","11.10","11.10","10.90","356.38K","0.00%"
"03/06/2025","11.00","11.20","11.20","10.90","154.11K","0.00%"
"03/05/2025","11.00","11.30","11.30","10.90","205.64K","-0.90%"
"03/04/2025","11.10","11.20","11.20","11.00","304.07K","0.00%"
"03/03/2025","11.10","11.30","11.30","11.10","76.27K","-0.89%"
"03/02/2025","11.20","11.20","11.30","11.10","139.01K","0.90%"
"02/27/2025","11.10","11.30","11.50","11.00","746.67K","-0.89%"
"02/26/2025","11.20","11.70","11.70","11.00","781.44K","-2.61%"
"02/25/2025","11.50","11.40","11.70","11.20","1.49M","2.68%"
"02/24/2025","11.20","11.40","11.40","11.20","534.00K","-0.88%"
"02/23/2025","11.30","11.20","11.30","11.20","191.64K","0.89%"
"02/20/2025","11.20","11.20","11.30","11.10","342.29K","-0.88%"
"02/19/2025","11.30","11.30","11.40","11.20","167.01K","0.89%"
"02/18/2025","11.20","11.30","11.40","11.10","222.57K","-0.88%"
"02/17/2025","11.30","11.50","11.50","11.20","371.63K","-0.88%"
"02/16/2025","11.40","11.50","11.50","11.30","385.89K","0.88%"
"02/13/2025","11.30","11.50","11.50","11.30","205.25K","-0.88%"
"02/12/2025","11.40","11.40","11.40","11.20","358.04K","0.00%"
"02/11/2025","11.40","11.30","11.40","11.10","525.23K","1.79%"
"02/10/2025","11.20","11.40","11.40","11.10","178.45K","0.00%"
"02/09/2025","11.20","11.40","11.40","11.10","320.05K","-1.75%"
"02/06/2025","11.40","11.20","11.50","11.20","415.99K","0.88%"
"02/05/2025","11.30","11.30","11.50","11.30","780.77K","-0.88%"
"02/04/2025","11.40","11.30","11.50","11.20","1.52M","0.88%"
"02/03/2025","11.30","10.90","11.50","10.90","1.99M","4.63%"
"02/02/2025","10.80","11.10","11.10","10.70","374.36K","-1.82%"
"01/30/2025","11.00","10.60","11.10","10.50","946.77K","3.77%"
"01/29/2025","10.60","10.60","10.70","10.50","414.36K","0.00%"
"01/28/2025","10.60","10.60","10.70","10.50","82.22K","0.00%"
"01/27/2025","10.60","10.60","10.70","10.50","254.64K","0.00%"
"01/26/2025","10.60","10.70","10.80","10.50","528.20K","-0.93%"
"01/23/2025","10.70","10.70","10.80","10.60","212.09K","0.00%"
"01/22/2025","10.70","10.80","10.80","10.70","507.02K","-0.93%"
"01/21/2025","10.80","10.90","10.90","10.70","348.09K","0.00%"
"01/20/2025","10.80","10.70","10.90","10.70","307.19K","0.93%"
"01/19/2025","10.70","10.80","10.90","10.60","267.23K","-0.93%"
"01/16/2025","10.80","10.80","11.00","10.70","297.56K","-0.92%"
"01/15/2025","10.90","10.90","10.90","10.80","435.44K","0.93%"
"01/14/2025","10.80","10.90","10.90","10.70","193.50K","0.00%"
"01/13/2025","10.80","10.80","11.00","10.70","418.39K","0.00%"
"01/12/2025","10.80","10.90","11.10","10.80","565.95K","-1.82%"
"01/09/2025","11.00","11.00","11.10","11.00","250.16K","0.00%"
"01/08/2025","11.00","11.00","11.10","10.90","313.51K","0.00%"
"01/07/2025","11.00","11.00","11.20","11.00","1.28M","-0.90%"
"01/06/2025","11.10","10.90","11.10","10.90","239.93K","0.91%"
"01/05/2025","11.00","11.10","11.10","10.90","431.31K","-1.79%"
"01/02/2025","11.20","11.00","11.20","10.90","881.08K","1.82%"
"01/01/2025","11.00","11.00","11.10","10.90","373.44K","0.92%"
"12/30/2024","10.90","11.00","11.00","10.80","1.04M","-0.91%"
"12/29/2024","11.00","10.90","11.00","10.90","460.35K","0.92%"
"12/26/2024","10.90","10.90","11.00","10.80","390.30K","0.00%"
"12/24/2024","10.90","10.80","10.90","10.80","150.24K","0.00%"
"12/23/2024","10.90","10.80","10.90","10.70","323.56K","0.93%"
"12/22/2024","10.80","10.70","10.80","10.70","95.90K","0.93%"
"12/19/2024","10.70","10.80","10.80","10.70","335.33K","0.00%"
"12/18/2024","10.70","10.80","10.90","10.70","440.27K","-1.83%"
"12/17/2024","10.90","10.80","11.00","10.70","577.38K","0.93%"
"12/15/2024","10.80","10.80","10.90","10.70","245.05K","0.00%"
"12/12/2024","10.80","10.80","10.80","10.70","144.28K","0.93%"
"12/11/2024","10.70","10.80","10.90","10.70","415.70K","-0.93%"
"12/10/2024","10.80","10.90","10.90","10.80","382.72K","0.00%"
"12/09/2024","10.80","10.90","11.00","10.70","327.79K","0.00%"
"12/08/2024","10.80","10.90","11.00","10.80","1.03M","-0.92%"
"12/05/2024","10.90","10.90","11.10","10.80","484.73K","0.00%"
"12/04/2024","10.90","11.10","11.20","10.70","935.43K","-0.91%"
"12/03/2024","11.00","11.00","11.10","10.90","408.20K","0.00%"
"12/02/2024","11.00","11.00","11.10","10.90","476.43K","0.92%"
"12/01/2024","10.90","11.00","11.10","10.90","476.67K","-0.91%"
"11/28/2024","11.00","11.10","11.20","11.00","718.77K","0.00%"
"11/27/2024","11.00","10.90","11.10","10.90","497.79K","1.85%"
"11/26/2024","10.80","10.90","11.10","10.80","430.00K","-1.82%"
"11/25/2024","11.00","11.00","11.20","10.80","624.64K","-0.90%"
"11/24/2024","11.10","11.00","11.20","10.90","791.28K","0.91%"
"11/21/2024","11.00","11.00","11.10","10.90","315.38K","-0.90%"
"11/20/2024","11.10","11.10","11.30","11.00","582.30K","0.00%"
"11/19/2024","11.10","11.30","11.30","11.10","708.82K","-0.89%"
"11/18/2024","11.20","11.30","11.50","11.20","292.73K","-0.88%"
"11/17/2024","11.30","11.50","11.50","11.30","540.23K","-1.74%"
"11/14/2024","11.50","11.50","11.70","11.40","750.51K","1.77%"
"11/13/2024","11.30","11.40","11.50","11.20","515.49K","0.00%"
"11/12/2024","11.30","11.50","11.60","11.30","726.56K","-1.74%"
"11/11/2024","11.50","11.50","11.60","11.30","593.39K","0.88%"
"11/10/2024","11.40","11.50","11.60","11.30","478.77K","-0.87%"
"11/07/2024","11.50","11.80","11.80","11.50","1.11M","-0.86%"
"11/06/2024","11.60","11.80","11.80","11.60","756.47K","-2.52%"
"11/05/2024","11.90","11.80","12.00","11.60","1.87M","1.71%"
"11/04/2024","11.70","11.50","11.70","11.50","819.63K","0.86%"
"11/03/2024","11.60","11.80","11.80","11.50","808.33K","-1.69%"
"10/31/2024","11.80","11.80","11.80","11.60","906.33K","0.00%"
"10/30/2024","11.80","11.70","11.80","11.40","2.70M","0.00%"
"10/29/2024","11.80","12.00","12.10","11.70","1.76M","-0.84%"
"10/28/2024","11.90","12.10","12.30","11.80","1.92M","-0.83%"
"10/27/2024","12.00","12.20","12.30","11.90","3.60M","-3.23%"
"10/24/2024","12.40","11.80","12.60","11.80","2.65M","4.20%"
"10/23/2024","11.90","12.00","12.00","11.80","1.28M","-0.83%"
"10/22/2024","12.00","11.90","12.10","11.70","1.65M","2.56%"
"10/21/2024","11.70","11.70","11.80","11.50","729.72K","0.00%"
"10/20/2024","11.70","12.00","12.20","11.60","1.29M","-3.31%"
"10/17/2024","12.10","12.10","12.10","11.90","772.02K","0.00%"
"10/16/2024","12.10","12.20","12.30","12.00","2.38M","-0.82%"
"10/15/2024","12.20","11.70","12.20","11.60","1.33M","3.39%"
"10/14/2024","11.80","12.00","12.00","11.70","789.05K","-0.84%"
"10/09/2024","11.90","11.60","12.00","11.60","628.15K","2.59%"
"10/08/2024","11.60","11.70","11.70","11.40","1.45M","0.00%"
"10/07/2024","11.60","11.80","11.80","11.50","463.65K","0.00%"
"10/06/2024","11.60","11.70","11.90","11.60","821.31K","-0.85%"
"10/03/2024","11.70","11.80","11.80","11.50","466.90K","-0.85%"
"10/02/2024","11.80","11.80","12.00","11.40","904.86K","-0.84%"
"10/01/2024","11.90","12.20","12.20","11.80","789.88K","-2.46%"
"09/30/2024","12.20","12.60","12.70","12.10","1.13M","-3.17%"
"09/29/2024","12.60","12.60","12.80","12.30","1.47M","0.80%"
"09/26/2024","12.50","11.90","12.80","11.80","3.05M","3.31%"
"09/25/2024","12.10","12.00","12.20","11.80","1.73M","0.83%"
"09/24/2024","12.00","12.30","12.40","12.00","1.69M","-2.44%"
"09/23/2024","12.30","11.60","12.40","11.60","2.71M","6.03%"
"09/22/2024","11.60","11.60","11.90","11.50","1.89M","0.00%"
"09/19/2024","11.60","11.80","11.80","11.60","786.01K","-0.85%"
"09/18/2024","11.70","11.30","11.70","11.10","1.92M","4.46%"
"09/17/2024","11.20","11.50","11.60","11.10","878.02K","-2.61%"
"09/15/2024","11.50","11.80","11.90","11.30","983.99K","-3.36%"
"09/12/2024","11.90","12.00","12.00","11.80","803.29K","0.00%"
"09/11/2024","11.90","12.00","12.00","11.70","1.06M","0.00%"
"09/10/2024","11.90","12.20","12.20","11.10","975.75K","0.00%"
"09/09/2024","11.90","12.30","12.50","11.80","1.97M","-4.80%"
"09/08/2024","12.50","12.70","12.80","12.40","1.95M","-0.79%"
"09/05/2024","12.60","12.70","12.90","12.40","2.61M","0.80%"
"09/04/2024","12.50","12.70","12.80","12.50","2.08M","-1.57%"
"09/03/2024","12.70","13.00","13.00","12.70","2.64M","-1.55%"
"09/02/2024","12.90","12.80","13.10","12.70","3.39M","0.78%"
"09/01/2024","12.80","13.10","13.10","12.70","3.17M","-1.54%"
"08/29/2024","13.00","12.70","13.10","12.60","3.50M","3.17%"
"08/28/2024","12.60","12.40","12.90","12.40","2.97M","0.00%"
"08/27/2024","12.60","12.90","12.90","12.60","2.73M","-2.33%"
"08/25/2024","12.90","12.90","13.10","12.80","4.25M","0.78%"
"08/22/2024","12.80","12.20","13.20","12.20","8.43M","2.40%"
"08/21/2024","12.50","12.80","12.80","12.50","12.66M","-2.34%"
"08/20/2024","12.80","12.90","13.20","12.80","1.73M","-0.78%"
"08/19/2024","12.90","12.70","13.30","12.70","2.52M","-0.77%"
"08/18/2024","13.00","13.40","13.40","13.00","1.43M","-2.26%"
"08/15/2024","13.30","13.70","13.70","13.10","6.04M","-1.48%"
"08/14/2024","13.50","14.00","14.40","13.40","7.68M","-2.17%"
"08/13/2024","13.80","14.00","14.10","13.60","7.57M","-1.43%"
"08/12/2024","14.00","14.90","14.90","13.60","10.29M","0.00%"
"08/11/2024","14.00","14.00","14.00","13.10","24.98M","9.37%"
"08/08/2024","12.80","12.80","12.80","12.30","12.41M","9.40%"
"08/07/2024","11.70","11.70","11.70","11.50","6.48M","9.35%"
"08/06/2024","10.70","10.70","10.70","10.70","119.56K","9.18%"
"08/04/2024","9.80","9.80","9.90","9.80","121.97K","-2.97%"
"08/01/2024","10.10","9.90","10.10","9.90","64.01K","2.02%"
"07/31/2024","9.90","10.10","10.10","9.90","311.99K","-1.98%"
"07/30/2024","10.10","10.20","10.30","10.00","194.46K","-1.94%"
"07/29/2024","10.30","10.20","10.40","10.20","82.49K","-1.90%"
"07/28/2024","10.50","10.40","10.70","10.40","229.73K","0.96%"
"07/25/2024","10.40","10.20","10.50","10.20","179.66K","0.00%"
"07/24/2024","10.40","10.30","10.40","10.30","20.15K","-0.95%"
"07/18/2024","10.50","10.20","10.60","10.20","53.61K","0.00%"
"07/16/2024","10.50","10.30","10.60","10.30","81.03K","0.96%"
"07/15/2024","10.40","10.40","10.50","10.10","10.16K","0.00%"
"07/14/2024","10.40","10.40","10.60","10.30","68.34K","-1.89%"
"07/11/2024","10.60","10.90","10.90","10.60","116.46K","-2.75%"
"07/10/2024","10.90","10.90","11.00","10.60","100.79K","0.00%"
"07/09/2024","10.90","10.70","10.90","10.50","100.68K","3.81%"
"07/08/2024","10.50","10.40","10.60","10.20","111.42K","0.96%"
"07/07/2024","10.40","10.20","10.50","10.20","231.60K","1.96%"
"07/04/2024","10.20","9.90","10.30","9.90","116.40K","4.08%"
"07/03/2024","9.80","9.80","10.00","9.80","164.20K","-1.01%"
"07/02/2024","9.90","9.70","10.00","9.70","23.53K","0.00%"
"06/30/2024","9.90","9.80","10.00","9.70","99.17K","1.02%"
"06/27/2024","9.80","9.70","10.00","9.70","128.93K","-1.01%"
"06/26/2024","9.90","9.80","9.90","9.70","82.67K","1.02%"
"06/25/2024","9.80","9.70","9.90","9.70","183.13K","-1.01%"
"06/24/2024","9.90","9.60","9.90","9.60","114.62K","1.02%"
"06/23/2024","9.80","9.90","9.90","9.80","27.71K","0.00%"
"06/20/2024","9.80","9.70","9.90","9.70","35.64K","1.03%"
"06/19/2024","9.70","9.70","9.90","9.70","34.99K","0.00%"
"06/13/2024","9.70","9.70","9.80","9.70","53.95K","1.04%"
"06/12/2024","9.60","9.70","9.90","9.50","25.18K","-1.03%"
"06/11/2024","9.70","9.60","9.80","9.60","13.68K","0.00%"
"06/10/2024","9.70","9.70","10.10","9.70","51.71K","-2.02%"
"06/09/2024","9.90","10.30","10.30","9.80","42.33K","-1.98%"
"06/06/2024","10.10","10.10","10.20","10.10","346.87K","-2.88%"
"06/05/2024","10.40","10.20","10.50","10.20","205.35K","0.97%"
"06/04/2024","10.30","10.10","10.40","10.10","233.59K","-0.96%"
"06/03/2024","10.40","10.00","10.50","10.00","205.30K","0.97%"
"06/02/2024","10.30","10.30","10.30","10.00","222.46K","0.00%"
"05/30/2024","10.30","10.00","10.30","10.00","254.73K","0.00%"
"05/29/2024","10.30","9.90","10.30","9.90","204.87K","0.98%"
"05/28/2024","10.20","9.80","10.30","9.80","258.70K","4.08%"
"05/27/2024","9.80","10.00","10.00","9.70","326.38K","-2.00%"
"05/26/2024","10.00","9.90","10.10","9.90","298.03K","-1.96%"
"05/23/2024","10.20","10.50","10.50","10.20","247.12K","-2.86%"
"05/21/2024","10.50","10.50","10.50","10.50","212.86K","-2.78%"
"05/20/2024","10.80","10.80","10.80","10.80","203.24K","-2.70%"
"05/16/2024","11.10","11.00","11.10","10.90","407.11K","0.91%"
"05/15/2024","11.00","11.30","11.30","10.80","321.63K","-0.90%"
"05/14/2024","11.10","11.10","11.20","11.00","954.46K","0.00%"
"05/13/2024","11.10","11.10","11.30","11.10","957.82K","0.00%"
"05/12/2024","11.10","11.00","11.20","11.00","365.50K","0.91%"
"05/09/2024","11.00","11.20","11.20","11.00","1.29M","-0.90%"
"05/08/2024","11.10","11.30","11.40","11.00","1.43M","-0.89%"
"05/07/2024","11.20","11.40","11.40","11.10","821.04K","0.00%"
"05/06/2024","11.20","11.40","11.40","11.00","645.07K","0.90%"
"05/05/2024","11.10","11.50","11.50","11.10","466.19K","-2.63%"
"05/02/2024","11.40","11.50","11.50","11.30","272.46K","0.00%"
"04/30/2024","11.40","11.40","11.50","11.20","320.92K","0.00%"
"04/29/2024","11.40","11.20","11.50","11.10","271.49K","0.88%"
"04/28/2024","11.30","11.20","11.40","11.10","177.59K","0.89%"
"04/25/2024","11.20","11.10","11.30","10.80","325.65K","0.90%"
"04/24/2024","11.10","11.10","11.40","11.00","331.76K","-0.89%"
"04/23/2024","11.20","11.30","11.40","11.10","406.96K","-0.88%"
"04/22/2024","11.30","11.30","11.40","11.20","86.30K","0.00%"
"04/21/2024","11.30","11.50","11.50","11.20","131.43K","-1.74%"
"04/18/2024","11.50","11.50","11.60","11.40","129.14K","-0.86%"
"04/17/2024","11.60","11.70","11.70","11.60","89.99K","0.00%"
"04/16/2024","11.60","11.90","11.90","11.60","139.23K","-0.85%"
"04/15/2024","11.70","11.70","11.80","11.60","4.41K","-0.85%"
"04/09/2024","11.80","11.80","11.80","11.70","8.99K","0.85%"
"04/08/2024","11.70","11.60","11.80","11.60","9.00K","0.00%"
"04/04/2024","11.70","11.60","11.80","11.60","54.89K","0.86%"
"04/03/2024","11.60","11.60","11.70","11.50","79.78K","0.87%"
"04/02/2024","11.50","11.60","11.60","11.50","197.86K","-0.86%"
"04/01/2024","11.60","11.60","11.70","11.50","75.34K","-0.85%"
"03/31/2024","11.70","11.50","11.80","11.50","54.11K","0.86%"
"03/28/2024","11.60","11.50","11.70","11.40","76.05K","0.87%"
"03/27/2024","11.50","11.70","11.80","11.50","97.58K","-1.71%"
"03/25/2024","11.70","11.70","11.80","11.60","83.40K","0.00%"
"03/24/2024","11.70","11.90","11.90","11.60","34.41K","-1.68%"
"03/21/2024","11.90","12.20","12.20","11.80","147.24K","0.00%"
"03/20/2024","11.90","11.70","12.00","11.50","215.90K","2.59%"
"03/19/2024","11.60","11.50","11.70","11.50","52.99K","0.00%"
"03/18/2024","11.60","11.80","11.80","11.50","16.58K","-1.69%"
"03/14/2024","11.80","11.70","11.90","11.70","57.35K","0.85%"
"03/13/2024","11.70","11.60","11.90","11.60","14.81K","0.00%"
"03/12/2024","11.70","11.70","11.90","11.70","26.89K","-0.85%"
"03/11/2024","11.80","11.80","11.90","11.70","38.98K","0.00%"
"03/10/2024","11.80","11.90","11.90","11.70","34.23K","-0.84%"
"03/07/2024","11.90","11.90","11.90","11.80","25.52K","0.00%"
"03/06/2024","11.90","11.70","12.10","11.70","244.65K","0.00%"
"03/05/2024","11.90","11.70","12.00","11.70","133.58K","0.00%"
"03/04/2024","11.90","11.60","11.90","11.60","223.24K","1.71%"
"03/03/2024","11.70","11.80","11.90","11.60","145.39K","-0.85%"
"02/29/2024","11.80","11.80","11.80","11.70","93.91K","0.85%"
"02/28/2024","11.70","11.90","11.90","11.50","378.71K","-1.68%"
"02/27/2024","11.90","12.00","12.00","11.80","339.55K","-0.83%"
"02/25/2024","12.00","12.00","12.20","12.00","92.27K","-0.83%"
"02/22/2024","12.10","12.10","12.20","12.00","147.71K","0.00%"
"02/20/2024","12.10","11.90","12.10","11.90","103.68K","1.68%"
"02/19/2024","11.90","12.20","12.20","11.90","78.13K","-0.83%"
"02/18/2024","12.00","12.40","12.40","11.90","181.37K","-0.83%"
"02/15/2024","12.10","12.40","12.40","12.00","213.82K","-2.42%"
"02/14/2024","12.40","12.40","12.50","12.30","370.01K","0.00%"
"02/13/2024","12.40","12.80","12.80","12.40","660.05K","-3.13%"
"02/12/2024","12.80","12.90","13.00","12.50","722.65K","-0.78%"
"02/11/2024","12.90","12.20","13.00","12.20","2.04M","6.61%"
"02/08/2024","12.10","12.50","12.50","11.90","580.61K","1.68%"
"02/07/2024","11.90","12.00","12.10","11.80","352.69K","-2.46%"
"02/06/2024","12.20","12.30","12.30","12.00","637.40K","-0.81%"
"02/05/2024","12.30","11.90","12.30","11.90","627.83K","2.50%"
"02/04/2024","12.00","12.00","12.10","11.90","84.87K","1.69%"
"02/01/2024","11.80","11.80","12.00","11.70","127.28K","0.00%"
"01/31/2024","11.80","11.90","11.90","11.80","79.60K","-0.84%"
"01/30/2024","11.90","11.70","12.00","11.60","216.51K","1.71%"
"01/29/2024","11.70","11.90","11.90","11.60","257.58K","-1.68%"
"01/28/2024","11.90","12.00","12.00","11.90","131.21K","-1.65%"
"01/25/2024","12.10","12.10","12.10","11.90","594.79K","-0.82%"
"01/24/2024","12.20","12.40","12.40","12.00","574.22K","-1.61%"
"01/23/2024","12.40","12.00","13.00","12.00","469.98K","2.48%"
"01/22/2024","12.10","12.00","12.20","11.80","328.94K","0.83%"
"01/21/2024","12.00","11.30","12.10","11.30","138.08K","-4.00%"
"01/18/2024","12.50","12.50","12.50","12.50","201.07K","0.00%"
"01/17/2024","12.50","12.50","12.50","12.50","5.25K","0.00%"
"01/16/2024","12.50","12.50","12.50","12.50","4.66K","0.00%"
"01/15/2024","12.50","12.50","12.50","12.50","4.19K","0.00%"
"01/14/2024","12.50","12.50","12.50","12.50","12.33K","0.00%"
"01/11/2024","12.50","12.50","12.50","12.50","2.45K","0.00%"
"01/10/2024","12.50","12.50","12.50","12.50","64.33K","0.00%"
"01/09/2024","12.50","12.50","12.50","12.50","203.71K","0.00%"
"01/08/2024","12.50","12.50","12.90","12.50","491.37K","0.00%"
"01/04/2024","12.50","12.50","12.50","12.50","0.20K","0.00%"
"01/03/2024","12.50","12.50","12.50","12.50","0.11K","0.00%"
"01/02/2024","12.50","12.50","12.50","12.50","1.45K","0.00%"
"01/01/2024","12.50","12.50","12.50","12.50","0.96K","0.00%"
"12/28/2023","12.50","12.50","12.50","12.50","0.81K","0.00%"
"12/27/2023","12.50","12.50","12.50","12.50","1.75K","0.00%"
"12/26/2023","12.50","12.50","12.50","12.50","13.16K","0.00%"
"12/24/2023","12.50","12.50","12.50","12.50","1.00K","0.00%"
"12/21/2023","12.50","12.50","12.50","12.50","3.39K","0.00%"
"12/20/2023","12.50","12.50","12.50","12.50","13.53K","0.00%"
"12/19/2023","12.50","12.50","12.50","12.50","0.30K","0.00%"
"12/18/2023","12.50","12.50","12.50","12.50","13.01K","0.00%"
"12/17/2023","12.50","12.50","12.50","12.50","1.24K","0.00%"
"12/14/2023","12.50","12.50","12.50","12.50","2.52K","0.00%"
"12/13/2023","12.50","12.50","12.50","12.50","147.50K","0.00%"
"12/12/2023","12.50","12.50","12.50","12.50","0.99K","0.00%"
"12/11/2023","12.50","12.50","12.50","12.50","1.70K","0.00%"
"12/10/2023","12.50","12.50","12.50","12.50","1.80K","0.00%"
"12/07/2023","12.50","12.50","12.50","12.50","0.50K","0.00%"
"12/06/2023","12.50","12.50","12.50","12.50","0.03K","0.00%"
"12/05/2023","12.50","12.50","12.50","12.50","1.78K","0.00%"
"12/04/2023","12.50","12.50","12.50","12.50","0.02K","0.00%"
"12/03/2023","12.50","12.50","12.50","12.50","5.90K","0.00%"
"11/29/2023","12.50","12.50","12.50","12.50","1.85K","0.00%"
"11/28/2023","12.50","12.50","12.50","12.50","1.82K","0.00%"
"11/27/2023","12.50","12.50","12.50","12.50","3.01K","0.00%"
"11/26/2023","12.50","12.50","12.50","12.50","0.04K","0.00%"
"11/23/2023","12.50","12.50","12.50","12.50","0.04K","0.00%"
"11/22/2023","12.50","12.50","12.50","12.50","0.40K","0.00%"
"11/21/2023","12.50","12.50","12.50","12.50","0.01K","0.00%"
"11/20/2023","12.50","12.50","12.50","12.50","2.58K","0.00%"
"11/19/2023","12.50","12.50","12.50","12.50","0.04K","0.00%"
"11/16/2023","12.50","12.50","12.50","12.50","0.18K","0.00%"
"11/15/2023","12.50","12.50","12.50","12.50","1.00K","0.00%"
"11/14/2023","12.50","12.50","12.50","12.50","2.31K","0.00%"
"11/13/2023","12.50","12.50","12.50","12.50","0.11K","0.00%"
"11/12/2023","12.50","12.50","12.50","12.50","0.02K","0.00%"
"11/09/2023","12.50","12.50","12.50","12.50","2.51K","0.00%"
"11/08/2023","12.50","12.50","12.50","12.50","6.71K","0.00%"
"11/07/2023","12.50","12.50","12.50","12.50","0.04K","0.00%"
"11/06/2023","12.50","12.50","12.50","12.50","0.01K","0.00%"
"11/05/2023","12.50","12.50","12.50","12.50","1.01K","0.00%"
"11/02/2023","12.50","12.50","12.50","12.50","0.21K","0.00%"
"11/01/2023","12.50","12.50","12.50","12.50","0.00K","0.00%"
"10/31/2023","12.50","12.50","12.50","12.50","5.84K","0.00%"
"10/30/2023","12.50","12.50","12.50","12.50","0.03K","0.00%"
"10/26/2023","12.50","12.50","12.50","12.50","2.03K","0.00%"
"10/22/2023","12.50","12.50","12.50","12.50","0.00K","0.00%"
"10/19/2023","12.50","12.50","12.50","12.50","0.00K","0.00%"
"10/17/2023","12.50","12.50","12.50","12.50","5.29K","0.00%"
"10/16/2023","12.50","12.50","12.50","12.50","0.71K","0.00%"
"10/15/2023","12.50","12.50","12.50","12.50","1.30K","0.00%"
"10/12/2023","12.50","12.50","12.50","12.50","0.18K","0.00%"
"10/11/2023","12.50","12.50","12.50","12.50","1.05K","0.00%"
"10/10/2023","12.50","12.50","12.50","12.50","0.53K","0.00%"
"10/08/2023","12.50","12.50","12.50","12.50","1.74K","0.00%"
"10/05/2023","12.50","12.50","12.50","12.50","2.62K","0.00%"
"10/04/2023","12.50","12.50","12.50","12.50","0.07K","0.00%"
"10/03/2023","12.50","12.50","12.50","12.50","3.97K","0.00%"
"10/02/2023","12.50","12.50","12.50","12.50","0.10K","0.00%"
"10/01/2023","12.50","12.50","12.50","12.50","0.32K","0.00%"
"09/26/2023","12.50","12.50","12.50","12.50","0.18K","0.00%"
"09/24/2023","12.50","12.50","12.50","12.50","0.13K","0.00%"
"09/21/2023","12.50","12.50","12.50","12.50","0.01K","0.00%"
"09/20/2023","12.50","12.50","12.50","12.50","0.06K","0.00%"
"09/19/2023","12.50","12.50","12.50","12.50","0.80K","0.00%"
"09/18/2023","12.50","12.50","12.50","12.50","1.40K","0.00%"
"09/17/2023","12.50","12.50","12.50","12.50","0.60K","0.00%"
"09/14/2023","12.50","12.50","12.50","12.50","0.02K","0.00%"
"09/13/2023","12.50","12.50","12.50","12.50","0.20K","0.00%"
"09/12/2023","12.50","12.50","12.50","12.50","0.19K","0.00%"
"09/10/2023","12.50","12.50","12.50","12.50","0.40K","0.00%"
"09/07/2023","12.50","12.50","12.50","12.50","0.50K","0.00%"
"09/05/2023","12.50","12.50","12.50","12.50","10.11K","0.00%"
"09/04/2023","12.50","12.50","12.50","12.50","1.00K","0.00%"
"09/03/2023","12.50","12.50","12.50","12.50","0.87K","0.00%"
"08/31/2023","12.50","12.50","12.50","12.50","5.96K","0.00%"
"08/30/2023","12.50","12.50","12.50","12.50","5.01K","0.00%"
"08/29/2023","12.50","12.50","12.50","12.50","7.66K","0.00%"
"08/28/2023","12.50","12.50","12.50","12.50","1.07K","0.00%"
"08/27/2023","12.50","12.50","12.50","12.50","1.60K","0.00%"
"08/24/2023","12.50","12.50","12.50","12.50","0.37K","0.00%"
"08/23/2023","12.50","12.50","12.50","12.50","0.51K","0.00%"
"08/22/2023","12.50","12.50","12.50","12.50","99.50K","0.00%"
"08/21/2023","12.50","12.50","12.50","12.50","21.82K","0.00%"
"08/20/2023","12.50","12.50","12.50","12.50","15.81K","0.00%"
"08/17/2023","12.50","12.50","12.50","12.50","1.41K","0.00%"
"08/16/2023","12.50","12.50","12.50","12.50","0.01K","0.00%"
"08/14/2023","12.50","12.50","12.50","12.50","28.58K","0.00%"
"08/13/2023","12.50","12.50","12.50","12.50","11.31K","0.00%"
"08/09/2023","12.50","12.50","12.50","12.50","0.80K","0.00%"
"08/08/2023","12.50","12.50","12.50","12.50","1.88K","0.00%"
"08/07/2023","12.50","12.50","12.50","12.50","0.21K","0.00%"
"08/06/2023","12.50","12.50","12.50","12.50","3.97K","0.00%"
"08/03/2023","12.50","12.50","12.50","12.50","13.06K","0.00%"
"08/02/2023","12.50","12.50","12.50","12.50","2.82K","0.00%"
"08/01/2023","12.50","12.50","12.50","12.50","1.57K","0.00%"
"07/31/2023","12.50","12.50","12.50","12.50","5.26K","0.00%"
"07/30/2023","12.50","12.50","12.50","12.50","56.70K","0.00%"
"07/27/2023","12.50","12.50","12.50","12.50","10.40K","0.00%"
"07/26/2023","12.50","12.50","12.50","12.50","23.47K","0.00%"
"07/25/2023","12.50","12.50","12.50","12.50","100.46K","0.00%"
"07/24/2023","12.50","12.50","12.50","12.50","14.00K","0.00%"
"07/23/2023","12.50","12.50","12.50","12.50","51.61K","-0.79%"
"07/20/2023","12.60","12.50","12.60","12.50","573.57K","0.80%"
"07/19/2023","12.50","12.50","12.60","12.50","371.39K","0.00%"
"07/18/2023","12.50","12.50","12.60","12.50","170.96K","0.00%"
"07/17/2023","12.50","12.50","12.70","12.50","389.41K","0.00%"
"07/16/2023","12.50","12.50","12.50","12.50","106.35K","0.00%"
"07/13/2023","12.50","12.50","12.50","12.50","42.23K","0.00%"
"07/12/2023","12.50","12.50","12.50","12.50","59.80K","0.00%"
"07/11/2023","12.50","12.50","12.60","12.50","373.73K","0.00%"
"07/10/2023","12.50","12.50","12.50","12.50","63.33K","0.00%"
"07/09/2023","12.50","12.50","12.50","12.50","124.54K","0.00%"
"07/06/2023","12.50","12.50","12.50","12.50","7.49K","0.00%"
"07/05/2023","12.50","12.50","12.50","12.50","112.66K","0.00%"
"07/04/2023","12.50","12.50","12.50","12.50","4.41K","0.00%"
"07/03/2023","12.50","12.50","12.50","12.50","1.55K","0.00%"
"07/02/2023","12.50","12.50","12.50","12.50","9.81K","0.00%"
"06/26/2023","12.50","12.50","12.50","12.50","1.49K","0.00%"
"06/25/2023","12.50","12.50","12.50","12.50","232.56K","0.00%"
"06/22/2023","12.50","12.50","12.50","12.50","351.14K","0.00%"
"06/21/2023","12.50","12.50","12.50","12.50","156.90K","0.00%"
"06/20/2023","12.50","12.50","12.50","12.50","373.99K","0.00%"
"06/19/2023","12.50","12.50","12.50","12.50","0.22K","0.00%"
"06/18/2023","12.50","12.50","12.50","12.50","0.20K","0.00%"
"06/15/2023","12.50","12.50","12.50","12.50","0.41K","0.00%"
"06/14/2023","12.50","12.50","12.50","12.50","6.39K","0.00%"
"06/13/2023","12.50","12.50","12.50","12.50","0.05K","0.00%"
"06/12/2023","12.50","12.50","12.50","12.50","105.36K","0.00%"
"06/11/2023","12.50","12.50","12.50","12.50","1.14K","0.00%"
"06/08/2023","12.50","12.50","12.50","12.50","14.03K","0.00%"
"06/07/2023","12.50","12.50","12.50","12.50","3.69K","0.00%"
"06/06/2023","12.50","12.50","12.50","12.50","2.51K","0.00%"
"06/05/2023","12.50","12.50","12.50","12.50","0.30K","0.00%"
"06/04/2023","12.50","12.50","12.50","12.50","47.88K","0.00%"
"06/01/2023","12.50","12.50","12.50","12.50","73.86K","0.00%"
"05/31/2023","12.50","12.50","12.50","12.50","36.31K","0.38%"
"05/29/2023","12.45","12.45","12.45","12.45","36.32K","0.00%"
"05/28/2023","12.45","12.45","12.45","12.45","97.52K","0.00%"
"05/25/2023","12.45","12.45","12.45","12.45","1.06K","0.00%"
"05/24/2023","12.45","12.45","12.45","12.45","23.32K","0.00%"
"05/23/2023","12.45","12.45","12.45","12.45","90.54K","0.00%"
"05/21/2023","12.45","12.45","12.45","12.45","116.16K","0.00%"
"05/18/2023","12.45","12.45","12.45","12.45","120.99K","0.00%"
"05/17/2023","12.45","12.45","12.45","12.45","89.59K","0.00%"
"05/16/2023","12.45","12.45","12.45","12.45","44.22K","0.00%"
"05/15/2023","12.45","12.45","12.45","12.45","5.90K","0.00%"
"05/14/2023","12.45","12.45","12.45","12.45","43.19K","0.00%"
"05/11/2023","12.45","12.45","12.45","12.45","14.58K","0.00%"
"05/10/2023","12.45","12.45","12.55","12.45","197.37K","0.00%"
"05/09/2023","12.45","12.45","12.55","12.45","172.08K","0.00%"
"05/08/2023","12.45","12.45","12.55","12.45","386.72K","0.00%"
"05/07/2023","12.45","12.45","12.55","12.45","425.36K","0.00%"
"05/03/2023","12.45","12.45","12.45","12.45","223.43K","0.00%"
"05/02/2023","12.45","12.45","12.64","12.45","247.16K","-1.49%"
"04/30/2023","12.64","12.45","12.92","12.45","725.96K","1.52%"
"04/27/2023","12.45","12.55","12.55","12.45","33.13K","-0.75%"
"04/26/2023","12.55","12.45","12.55","12.45","75.23K","0.76%"
"04/25/2023","12.45","12.45","12.55","12.45","92.46K","-0.75%"
"04/24/2023","12.55","12.45","12.64","12.45","42.17K","0.76%"
"04/18/2023","12.45","12.45","12.74","12.45","32.36K","0.00%"
"04/17/2023","12.45","12.45","12.74","12.45","19.48K","0.00%"
"04/16/2023","12.45","12.45","12.45","12.45","13.43K","0.00%"
"04/13/2023","12.45","12.45","12.45","12.45","20.73K","0.00%"
"04/12/2023","12.45","12.45","12.55","12.45","126.84K","0.00%"
"04/11/2023","12.45","12.45","12.45","12.45","1.60K","0.00%"
"04/10/2023","12.45","12.45","12.45","12.45","1.41K","0.00%"
"04/09/2023","12.45","12.45","12.55","12.45","271.59K","0.00%"
"04/06/2023","12.45","12.45","12.55","12.45","139.17K","0.00%"
"04/05/2023","12.45","12.45","12.55","12.45","180.35K","0.00%"
"04/04/2023","12.45","12.45","12.55","12.45","216.12K","0.00%"
"04/03/2023","12.45","12.45","12.45","12.45","152.56K","0.00%"
"04/02/2023","12.45","12.45","12.45","12.45","81.51K","0.00%"
"03/30/2023","12.45","12.45","12.45","12.45","29.76K","0.00%"
"03/29/2023","12.45","12.45","12.45","12.45","209.88K","0.00%"
"03/28/2023","12.45","12.45","12.45","12.45","0.54K","0.00%"
"03/27/2023","12.45","12.45","12.45","12.45","0.40K","0.00%"
"03/23/2023","12.45","12.45","12.45","12.45","22.42K","0.00%"
"03/22/2023","12.45","12.45","12.45","12.45","35.59K","0.00%"
"03/21/2023","12.45","12.45","12.45","12.45","198.76K","0.00%"
"03/20/2023","12.45","12.45","12.45","12.45","0.39K","0.00%"
"03/19/2023","12.45","12.45","12.45","12.45","0.21K","0.00%"
"03/16/2023","12.45","12.45","12.45","12.45","0.24K","0.00%"
"03/15/2023","12.45","12.45","12.45","12.45","1.27K","0.00%"
"03/14/2023","12.45","12.45","12.45","12.45","0.01K","0.00%"
"03/13/2023","12.45","12.45","12.45","12.45","0.21K","0.00%"
"03/12/2023","12.45","12.45","12.45","12.45","0.09K","0.00%"
"03/09/2023","12.45","12.55","12.55","12.45","55.23K","0.00%"
"03/07/2023","12.45","12.55","12.55","12.45","41.16K","0.00%"
"03/06/2023","12.45","12.45","12.55","12.45","145.55K","0.00%"
"03/05/2023","12.45","12.45","12.45","12.45","29.76K","0.00%"
"03/02/2023","12.45","12.45","12.45","12.45","121.05K","0.00%"
"03/01/2023","12.45","12.45","12.45","12.45","21.21K","0.00%"
"02/28/2023","12.45","12.45","12.45","12.45","0.53K","0.00%"
"02/27/2023","12.45","12.45","12.45","12.45","12.19K","0.00%"
"02/26/2023","12.45","12.45","12.45","12.45","3.15K","0.00%"
"02/23/2023","12.45","12.45","12.45","12.45","86.21K","0.00%"
"02/22/2023","12.45","12.45","12.45","12.45","48.76K","0.00%"
"02/20/2023","12.45","12.45","12.45","12.45","74.14K","0.00%"
"02/19/2023","12.45","12.45","12.45","12.45","4.28K","0.00%"
"02/16/2023","12.45","12.45","12.45","12.45","201.42K","0.00%"
"02/15/2023","12.45","12.45","12.45","12.45","54.59K","0.00%"
"02/14/2023","12.45","12.45","12.45","12.45","48.29K","0.00%"
"02/13/2023","12.45","12.55","12.55","12.45","195.06K","0.00%"
"02/12/2023","12.45","12.45","12.55","12.45","1.37M","0.00%"
"02/09/2023","12.45","12.55","12.55","12.45","268.66K","0.00%"
"02/08/2023","12.45","12.45","12.55","12.45","145.57K","-0.75%"
"02/07/2023","12.55","12.55","12.64","12.45","111.15K","0.00%"
"02/06/2023","12.55","12.55","12.64","12.45","155.40K","-0.75%"
"02/05/2023","12.64","12.45","12.74","12.45","98.84K","0.75%"
"02/02/2023","12.55","12.45","12.55","12.45","102.39K","0.76%"
"02/01/2023","12.45","12.45","12.55","12.45","1.23M","0.00%"
"01/31/2023","12.45","12.45","12.64","12.45","126.08K","0.00%"
"01/30/2023","12.45","12.45","12.55","12.45","322.49K","0.00%"
"01/29/2023","12.45","12.45","12.55","12.45","231.73K","0.00%"
"01/26/2023","12.45","12.45","12.55","12.45","67.55K","-0.75%"
"01/25/2023","12.55","12.55","12.55","12.45","204.87K","0.00%"
"01/24/2023","12.55","12.45","12.55","12.45","148.91K","0.76%"
"01/23/2023","12.45","12.45","12.55","12.45","114.18K","-0.75%"
"01/22/2023","12.55","12.45","12.55","12.45","102.68K","0.00%"
"01/19/2023","12.55","12.45","12.64","12.45","72.95K","0.00%"
"01/18/2023","12.55","12.55","12.64","12.45","180.50K","0.76%"
"01/17/2023","12.45","12.45","12.55","12.45","690.36K","0.00%"
"01/16/2023","12.45","12.45","12.55","12.45","959.91K","-0.75%"
"01/15/2023","12.55","12.45","12.64","12.45","683.66K","0.76%"
"01/12/2023","12.45","12.45","12.45","12.45","10.60K","0.00%"
"01/11/2023","12.45","12.45","12.45","12.45","6.94K","0.00%"
"01/10/2023","12.45","12.45","12.45","12.45","426.12K","0.00%"
"01/09/2023","12.45","12.45","12.45","12.45","0.16K","0.00%"
"01/08/2023","12.45","12.45","12.45","12.45","0.28K","0.00%"
"01/05/2023","12.45","12.45","12.45","12.45","2.15K","0.00%"
"01/04/2023","12.45","12.45","12.45","12.45","1.58K","0.00%"
"01/03/2023","12.45","12.45","12.45","12.45","0.18K","0.00%"
"01/02/2023","12.45","12.45","12.45","12.45","0.02K","0.00%"
"01/01/2023","12.45","12.45","12.45","12.45","19.53K","0.00%"
"12/29/2022","12.45","12.45","12.45","12.45","4.11K","0.00%"
"12/28/2022","12.45","12.45","12.45","12.45","0.22K","0.00%"
"12/27/2022","12.45","12.45","12.45","12.45","1.06K","0.00%"
"12/26/2022","12.45","12.45","12.45","12.45","18.62K","0.00%"
"12/21/2022","12.45","12.45","12.45","12.45","1.53K","0.00%"
"12/20/2022","12.45","12.45","12.45","12.45","10.81K","0.00%"
"12/19/2022","12.45","12.45","12.45","12.45","0.23K","0.00%"
"12/18/2022","12.45","12.45","12.45","12.45","0.82K","0.00%"
"12/15/2022","12.45","12.45","12.45","12.45","2.97K","0.00%"
"12/14/2022","12.45","12.45","12.45","12.45","87.29K","0.00%"
"12/13/2022","12.45","12.45","12.45","12.45","1.43K","0.00%"
"12/12/2022","12.45","12.45","12.45","12.45","0.20K","0.00%"
"12/11/2022","12.45","12.45","12.45","12.45","4.74K","0.00%"
"12/08/2022","12.45","12.45","12.45","12.45","0.54K","0.00%"
"12/07/2022","12.45","12.45","12.45","12.45","14.93K","0.00%"
"12/06/2022","12.45","12.45","12.45","12.45","1.02K","0.00%"
"12/05/2022","12.45","12.45","12.45","12.45","1.27K","0.00%"
"12/04/2022","12.45","12.45","12.45","12.45","53.57K","0.00%"
"12/01/2022","12.45","12.45","12.45","12.45","9.29K","0.00%"
"11/30/2022","12.45","12.45","12.45","12.45","0.11K","0.00%"
"11/29/2022","12.45","12.45","12.45","12.45","0.56K","0.00%"
"11/28/2022","12.45","12.45","12.45","12.45","2.76K","0.00%"
"11/27/2022","12.45","12.45","12.45","12.45","1.63K","0.00%"
"11/24/2022","12.45","12.45","12.45","12.45","0.74K","0.00%"
"11/23/2022","12.45","12.45","12.45","12.45","1.22K","0.00%"
"11/22/2022","12.45","12.45","12.45","12.45","1.68K","0.00%"
"11/21/2022","12.45","12.45","12.45","12.45","110.35K","0.00%"
"11/20/2022","12.45","12.45","12.45","12.45","5.19K","0.00%"
"11/17/2022","12.45","12.45","12.45","12.45","1.18K","0.00%"
"11/16/2022","12.45","12.45","12.45","12.45","3.01K","0.00%"
"11/15/2022","12.45","12.45","12.45","12.45","56.07K","0.00%"
"11/14/2022","12.45","12.45","12.45","12.45","7.66K","0.00%"
"11/13/2022","12.45","12.45","12.45","12.45","11.48K","0.00%"
"11/10/2022","12.45","12.45","12.45","12.45","26.99K","0.00%"
"11/09/2022","12.45","12.45","12.45","12.45","23.20K","0.00%"
"11/08/2022","12.45","12.45","12.55","12.45","443.34K","0.00%"
"11/07/2022","12.45","12.45","12.45","12.45","44.46K","0.00%"
"11/06/2022","12.45","12.45","12.45","12.45","20.21K","0.00%"
"11/03/2022","12.45","12.45","12.45","12.45","47.55K","0.00%"
"11/02/2022","12.45","12.45","12.45","12.45","103.26K","0.00%"
"11/01/2022","12.45","12.45","12.45","12.45","48.61K","0.00%"
"10/31/2022","12.45","12.45","12.55","12.45","131.00K","0.00%"
"10/30/2022","12.45","12.45","12.45","12.45","288.71K","0.00%"
"10/27/2022","12.45","12.45","12.55","12.45","224.23K","0.00%"
"10/26/2022","12.45","12.45","12.55","12.45","202.29K","0.00%"
"10/25/2022","12.45","12.45","12.45","12.45","1.15M","0.00%"
"10/24/2022","12.45","12.45","12.45","12.45","21.41K","-0.75%"
"10/23/2022","12.55","12.45","12.64","12.45","63.01K","-1.48%"
"10/20/2022","12.74","12.64","12.83","12.45","149.02K","2.27%"
"10/19/2022","12.45","12.64","12.64","12.45","112.82K","-1.49%"
"10/18/2022","12.64","12.45","12.74","12.45","59.94K","0.00%"
"10/17/2022","12.64","12.55","12.83","12.55","50.65K","0.00%"
"10/16/2022","12.64","12.64","12.74","12.55","271.83K","-0.74%"
"10/13/2022","12.74","12.74","12.92","12.64","71.02K","0.00%"
"10/12/2022","12.74","12.74","12.92","12.74","365.74K","0.00%"
"10/11/2022","12.74","12.74","12.92","12.74","323.73K","-0.74%"
"10/10/2022","12.83","12.83","12.92","12.74","115.62K","0.00%"
"10/06/2022","12.83","12.83","12.92","12.83","18.42K","0.00%"
"10/04/2022","12.83","12.83","12.92","12.74","389.20K","0.00%"
"10/03/2022","12.83","12.83","13.02","12.83","23.86K","0.74%"
"10/02/2022","12.74","12.83","12.92","12.74","49.75K","-0.74%"
"09/29/2022","12.83","12.83","12.92","12.74","187.57K","0.74%"
"09/28/2022","12.74","12.83","13.02","12.74","268.89K","-1.46%"
"09/27/2022","12.92","12.92","13.02","12.92","390.51K","0.00%"
"09/26/2022","12.92","12.92","13.11","12.92","254.48K","0.00%"
"09/25/2022","12.92","12.92","13.11","12.92","362.44K","0.00%"
"09/22/2022","12.92","12.92","13.02","12.92","396.60K","-0.72%"
"09/21/2022","13.02","12.92","13.11","12.92","224.63K","0.73%"
"09/20/2022","12.92","12.92","13.11","12.92","462.58K","-0.72%"
"09/19/2022","13.02","12.74","13.11","12.74","176.89K","0.00%"
"09/18/2022","13.02","13.02","13.11","12.92","73.65K","0.73%"
"09/15/2022","12.92","13.02","13.11","12.92","460.00K","-0.72%"
"09/14/2022","13.02","13.02","13.21","13.02","34.06K","-0.72%"
"09/13/2022","13.11","12.92","13.21","12.92","149.33K","1.46%"
"09/12/2022","12.92","13.02","13.11","12.92","325.43K","-0.72%"
"09/11/2022","13.02","12.92","13.11","12.92","120.29K","0.00%"
"09/08/2022","13.02","13.11","13.21","12.92","507.59K","-1.43%"
"09/07/2022","13.21","13.21","13.21","13.02","434.50K","0.72%"
"09/06/2022","13.11","13.11","13.21","13.11","554.29K","-0.71%"
"09/05/2022","13.21","13.11","13.21","13.11","320.28K","0.00%"
"09/04/2022","13.21","13.30","13.30","13.21","1.45M","-0.71%"
"09/01/2022","13.30","13.21","13.40","13.21","1.13M","0.71%"
"08/31/2022","13.21","13.21","13.30","13.21","252.23K","-0.71%"
"08/30/2022","13.30","13.21","13.40","13.21","334.48K","0.00%"
"08/29/2022","13.30","13.30","13.49","13.21","242.39K","-0.70%"
"08/28/2022","13.40","13.21","13.58","13.21","616.80K","1.43%"
"08/25/2022","13.21","13.11","13.30","13.11","771.06K","0.00%"
"08/24/2022","13.21","13.11","13.21","13.11","1.12M","0.72%"
"08/23/2022","13.11","13.02","13.21","12.92","319.15K","-0.71%"
"08/22/2022","13.21","13.21","13.30","13.21","193.47K","0.00%"
"08/21/2022","13.21","13.21","13.30","13.21","330.21K","0.00%"
"08/17/2022","13.21","13.21","13.30","13.21","1.01M","0.00%"
"08/16/2022","13.21","13.11","13.30","13.11","841.57K","0.00%"
"08/14/2022","13.21","13.21","13.40","13.21","400.38K","0.00%"
"08/11/2022","13.21","13.21","13.30","13.11","474.78K","0.00%"
"08/10/2022","13.21","12.74","13.30","12.74","722.30K","0.00%"
"08/08/2022","13.21","13.40","13.40","13.02","347.39K","-0.71%"
"08/07/2022","13.30","13.02","13.40","13.02","641.40K","1.44%"
"08/04/2022","13.11","12.92","13.21","12.92","545.85K","1.46%"
"08/03/2022","12.92","12.83","13.11","12.64","646.57K","1.48%"
"08/02/2022","12.74","12.55","12.74","12.55","216.46K","1.50%"
"08/01/2022","12.55","12.74","12.74","12.55","187.05K","0.00%"
"07/31/2022","12.55","12.74","12.74","12.55","108.07K","0.00%"
"07/28/2022","12.55","12.45","12.64","12.45","364.86K","0.76%"
"07/27/2022","12.45","12.55","12.64","12.45","380.02K","-0.75%"
"07/26/2022","12.55","12.45","12.64","12.45","564.99K","0.76%"
"07/25/2022","12.45","12.36","12.55","12.36","316.60K","0.00%"
"07/24/2022","12.45","12.55","12.55","12.36","378.29K","-0.75%"
"07/21/2022","12.55","12.64","12.64","12.36","253.96K","0.76%"
"07/20/2022","12.45","12.36","12.64","12.36","373.27K","-0.75%"
"07/19/2022","12.55","13.02","13.02","12.26","193.55K","0.76%"
"07/18/2022","12.45","12.55","12.64","12.45","411.23K","-1.49%"
"07/17/2022","12.64","12.74","12.74","12.64","158.80K","-0.74%"
"07/14/2022","12.74","12.83","12.83","12.55","136.54K","0.75%"
"07/13/2022","12.64","12.83","12.83","12.45","100.59K","0.75%"
"07/12/2022","12.55","12.83","12.83","12.55","26.71K","0.00%"
"07/07/2022","12.55","12.45","12.74","12.45","63.46K","0.00%"
"07/06/2022","12.55","12.55","12.74","12.45","187.45K","-0.75%"
"07/05/2022","12.64","12.74","12.92","12.64","52.00K","-1.47%"
"07/04/2022","12.83","12.83","12.92","12.64","123.53K","0.74%"
"07/03/2022","12.74","13.02","13.02","12.74","98.89K","-1.46%"
"06/30/2022","12.92","12.55","13.02","12.45","607.24K","3.01%"
"06/29/2022","12.55","12.74","12.74","12.45","238.90K","0.00%"
"06/28/2022","12.55","12.45","12.64","12.36","149.74K","0.76%"
"06/27/2022","12.45","12.45","12.55","12.45","264.49K","0.00%"
"06/26/2022","12.45","12.55","12.55","12.36","56.14K","0.76%"
"06/23/2022","12.36","12.45","12.64","12.36","128.38K","-0.76%"
"06/22/2022","12.45","12.36","12.55","12.36","81.13K","0.00%"
"06/21/2022","12.45","12.36","12.55","12.36","145.09K","0.00%"
"06/20/2022","12.45","12.36","12.55","12.36","57.35K","0.00%"
"06/19/2022","12.45","12.74","12.74","12.36","183.72K","-0.75%"
"06/16/2022","12.55","12.45","12.64","12.36","162.58K","0.00%"
"06/15/2022","12.55","12.83","12.83","12.45","67.66K","-0.75%"
"06/14/2022","12.64","13.02","13.02","12.55","95.57K","-0.74%"
"06/13/2022","12.74","12.83","12.83","12.55","419.23K","0.75%"
"06/12/2022","12.64","12.74","12.92","12.64","753.82K","-1.47%"
"06/09/2022","12.83","12.74","12.92","12.64","271.88K","0.74%"
"06/08/2022","12.74","12.74","12.74","12.64","230.35K","1.50%"
"06/07/2022","12.55","12.64","12.74","12.55","175.77K","0.00%"
"06/06/2022","12.55","12.64","12.64","12.45","398.92K","1.53%"
"06/05/2022","12.36","13.40","13.40","12.26","158.51K","0.00%"
"06/02/2022","12.36","12.36","12.55","12.36","487.48K","-1.50%"
"06/01/2022","12.55","12.64","12.64","12.45","98.71K","-0.75%"
"05/31/2022","12.64","12.92","12.92","12.55","222.11K","-0.74%"
"05/30/2022","12.74","12.26","13.02","12.26","423.82K","3.05%"
"05/29/2022","12.36","12.26","12.45","12.26","723.56K","-0.76%"
"05/26/2022","12.45","12.45","12.45","12.45","34.13K","-1.49%"
"05/25/2022","12.64","12.64","12.83","12.64","397.37K","-4.96%"
"05/23/2022","13.30","13.40","13.49","13.21","1.16M","0.00%"
"05/22/2022","13.30","13.30","13.40","13.21","836.47K","0.00%"
"05/19/2022","13.30","13.21","13.40","13.21","953.71K","0.00%"
"05/18/2022","13.30","13.40","13.49","13.30","924.35K","-0.70%"
"05/17/2022","13.40","13.58","13.58","13.30","2.29M","-0.70%"
"05/16/2022","13.49","13.30","13.58","13.30","1.93M","0.70%"
"05/12/2022","13.40","13.30","13.49","13.30","230.30K","0.00%"
"05/11/2022","13.40","13.68","13.68","13.30","892.50K","-1.39%"
"05/10/2022","13.58","13.68","13.68","13.49","850.45K","0.00%"
"05/09/2022","13.58","13.68","13.77","13.58","873.78K","-0.69%"
"05/08/2022","13.68","13.49","13.68","13.49","894.90K","1.40%"
"05/05/2022","13.49","13.40","13.49","13.40","293.61K","0.00%"
"04/28/2022","13.49","13.58","13.58","13.40","900.70K","0.70%"
"04/27/2022","13.40","13.49","13.49","13.30","1.29M","0.71%"
"04/26/2022","13.30","13.58","13.58","13.21","331.95K","0.71%"
"04/25/2022","13.21","13.21","13.40","13.11","114.54K","0.00%"
"04/24/2022","13.21","13.30","13.30","13.11","299.79K","0.72%"
"04/21/2022","13.11","13.21","13.21","13.02","169.07K","1.46%"
"04/20/2022","12.92","12.55","13.49","12.55","505.44K","3.01%"
"04/19/2022","12.55","12.74","12.74","12.55","196.25K","0.00%"
"04/18/2022","12.55","12.55","12.83","12.45","364.55K","-0.75%"
"04/17/2022","12.64","12.92","12.92","12.55","295.11K","-0.74%"
"04/13/2022","12.74","12.64","12.74","12.55","611.36K","0.00%"
"04/12/2022","12.74","12.74","12.83","12.64","556.13K","-0.74%"
"04/11/2022","12.83","12.92","12.92","12.83","304.58K","-0.73%"
"04/10/2022","12.92","13.02","13.02","12.83","302.62K","-0.72%"
"04/07/2022","13.02","13.21","13.21","12.92","691.90K","-0.72%"
"04/06/2022","13.11","13.21","13.40","13.11","353.11K","-1.42%"
"04/05/2022","13.30","13.49","13.58","13.30","126.79K","-0.70%"
"04/04/2022","13.40","13.68","13.68","13.40","435.92K","-1.39%"
"04/03/2022","13.58","13.49","13.77","13.40","413.77K","0.70%"
"03/31/2022","13.49","13.49","13.68","13.40","342.05K","-0.69%"
"03/30/2022","13.58","13.68","13.77","13.58","480.98K","-1.37%"
"03/29/2022","13.77","13.58","13.87","13.58","283.08K","1.39%"
"03/28/2022","13.58","13.68","13.68","13.58","254.63K","0.00%"
"03/27/2022","13.58","13.58","13.68","13.49","235.76K","0.00%"
"03/24/2022","13.58","13.68","13.68","13.49","60.68K","0.00%"
"03/23/2022","13.58","13.58","13.68","13.58","61.96K","-1.37%"
"03/22/2022","13.77","13.40","13.77","13.40","691.18K","2.10%"
"03/21/2022","13.49","13.49","13.68","13.40","120.67K","-0.69%"
"03/20/2022","13.58","13.68","13.68","13.40","479.70K","0.00%"
"03/16/2022","13.58","13.49","13.68","13.49","144.84K","0.70%"
"03/15/2022","13.49","13.49","13.58","13.40","119.13K","-0.69%"
"03/14/2022","13.58","13.40","13.77","13.30","480.54K","1.41%"
"03/13/2022","13.40","13.30","13.49","13.21","315.89K","0.71%"
"03/10/2022","13.30","13.49","13.49","13.21","404.66K","0.71%"
"03/09/2022","13.21","13.21","13.40","13.02","428.38K","2.19%"
"03/08/2022","12.92","13.02","13.40","12.74","883.38K","0.00%"
"03/07/2022","12.92","13.49","13.49","12.83","485.97K","-2.84%"
"03/06/2022","13.30","13.49","13.58","13.21","374.57K","-1.40%"
"03/03/2022","13.49","13.30","13.58","13.30","101.02K","0.70%"
"03/02/2022","13.40","13.40","13.58","13.30","231.74K","0.00%"
"03/01/2022","13.40","13.30","13.49","13.30","118.31K","0.00%"
"02/28/2022","13.40","13.21","13.49","13.21","213.08K","1.43%"
"02/27/2022","13.21","13.21","13.40","13.11","641.50K","-1.41%"
"02/24/2022","13.40","13.58","13.77","13.30","320.79K","-0.70%"
"02/23/2022","13.49","13.40","13.68","13.40","67.58K","-1.38%"
"02/22/2022","13.68","13.49","13.77","13.49","171.19K","1.40%"
"02/20/2022","13.49","13.58","13.77","13.49","329.36K","-1.38%"
"02/17/2022","13.68","13.68","13.87","13.68","195.52K","-0.68%"
"02/16/2022","13.77","13.58","13.96","13.58","105.62K","-0.68%"
"02/15/2022","13.87","14.06","14.06","13.77","264.23K","-0.68%"
"02/14/2022","13.96","13.96","14.15","13.87","296.38K","0.00%"
"02/13/2022","13.96","14.06","14.06","13.77","323.16K","0.00%"
"02/10/2022","13.96","13.87","14.06","13.77","237.92K","0.68%"
"02/09/2022","13.87","13.87","13.96","13.68","357.01K","0.68%"
"02/08/2022","13.77","13.49","13.77","13.49","247.63K","1.39%"
"02/07/2022","13.58","13.68","13.68","13.58","157.59K","0.00%"
"02/06/2022","13.58","13.58","13.77","13.58","303.93K","-0.69%"
"02/03/2022","13.68","13.40","13.77","13.40","440.86K","2.11%"
"02/02/2022","13.40","13.49","13.58","13.30","398.98K","0.00%"
"02/01/2022","13.40","13.49","13.58","13.40","180.17K","0.00%"
"01/31/2022","13.40","13.68","13.68","13.30","288.86K","-0.70%"
"01/30/2022","13.49","13.49","13.77","13.49","251.64K","-1.38%"
"01/27/2022","13.68","13.49","13.77","13.49","302.94K","0.00%"
"01/26/2022","13.68","13.58","13.68","13.49","96.53K","0.00%"
"01/25/2022","13.68","13.58","13.77","13.40","439.88K","1.40%"
"01/24/2022","13.49","13.30","13.77","13.30","415.89K","0.00%"
"01/23/2022","13.49","13.58","13.77","13.40","464.40K","-2.05%"
"01/20/2022","13.77","13.58","13.77","13.58","250.92K","0.69%"
"01/19/2022","13.68","13.68","13.77","13.49","653.99K","0.00%"
"01/18/2022","13.68","13.58","13.77","13.49","312.48K","0.69%"
"01/17/2022","13.58","13.58","13.68","13.30","2.27M","1.41%"
"01/16/2022","13.40","13.49","13.68","13.40","4.71M","-2.07%"
"01/13/2022","13.68","13.68","13.77","13.58","1.36M","0.69%"
"01/12/2022","13.58","13.87","13.87","13.30","369.11K","-2.04%"
"01/11/2022","13.87","13.87","14.25","13.77","840.60K","0.00%"
"01/10/2022","13.87","13.58","14.06","13.49","1.09M","2.08%"
"01/09/2022","13.58","13.58","13.58","13.49","417.65K","0.00%"
"01/06/2022","13.58","13.58","13.96","13.49","370.12K","2.13%"
"01/05/2022","13.30","13.49","13.58","13.21","718.47K","-0.70%"
"01/04/2022","13.40","13.58","13.58","13.30","304.95K","-2.07%"
"01/03/2022","13.68","13.58","13.87","13.58","488.22K","0.00%"
"01/02/2022","13.68","13.58","13.77","13.40","903.33K","3.57%"
"12/30/2021","13.21","12.92","13.30","12.92","273.24K","0.72%"
"12/29/2021","13.11","13.21","13.30","13.02","308.85K","-0.71%"
"12/28/2021","13.21","13.11","13.21","13.02","329.73K","1.45%"
"12/27/2021","13.02","12.92","13.11","12.83","218.69K","0.73%"
"12/26/2021","12.92","12.92","13.02","12.74","334.31K","0.00%"
"12/23/2021","12.92","13.11","13.11","12.83","533.13K","-0.72%"
"12/22/2021","13.02","13.11","13.21","13.02","504.84K","-0.72%"
"12/21/2021","13.11","13.21","13.30","13.11","293.44K","0.00%"
"12/20/2021","13.11","13.21","13.49","13.02","410.85K","0.00%"
"12/19/2021","13.11","13.40","13.49","13.02","556.72K","-2.11%"
"12/15/2021","13.40","13.21","13.49","13.21","214.22K","1.43%"
"12/14/2021","13.21","13.49","13.58","13.11","699.22K","-2.78%"
"12/13/2021","13.58","13.77","13.77","13.40","857.71K","-0.69%"
"12/12/2021","13.68","13.68","13.77","13.49","822.60K","0.00%"
"12/09/2021","13.68","13.68","13.87","13.68","772.67K","-0.68%"
"12/08/2021","13.77","13.68","13.87","13.58","1.41M","-0.68%"
"12/07/2021","13.87","13.87","13.96","13.68","1.36M","0.68%"
"12/06/2021","13.77","13.87","13.87","13.68","771.46K","0.00%"
"12/05/2021","13.77","13.96","14.06","13.68","1.13M","0.00%"
"12/02/2021","13.77","13.96","14.06","13.68","1.88M","-0.68%"
"12/01/2021","13.87","13.87","14.15","13.49","2.81M","2.80%"
"11/30/2021","13.49","13.87","13.96","13.40","2.39M","-2.05%"
"11/29/2021","13.77","13.68","13.87","13.49","595.85K","2.10%"
"11/28/2021","13.49","13.96","13.96","13.40","1.05M","-2.72%"
"11/25/2021","13.87","14.25","14.25","13.77","2.11M","-2.00%"
"11/24/2021","14.15","14.53","14.81","14.06","2.21M","-3.23%"
"11/23/2021","14.62","14.72","15.09","14.34","3.27M","1.31%"
"11/22/2021","14.43","15.28","15.28","14.34","4.35M","-5.56%"
"11/21/2021","15.28","14.81","15.94","14.53","12.32M","5.19%"
"11/18/2021","14.53","13.87","14.72","13.77","4.21M","4.76%"
"11/17/2021","13.87","13.77","14.06","13.68","1.73M","0.68%"
"11/16/2021","13.77","13.40","13.96","13.30","1.18M","4.29%"
"11/15/2021","13.21","13.21","13.40","13.11","182.22K","0.72%"
"11/14/2021","13.11","13.11","13.40","13.02","205.99K","-1.42%"
"11/11/2021","13.30","13.11","13.40","13.11","396.52K","0.71%"
"11/10/2021","13.21","13.11","13.21","13.11","166.73K","0.72%"
"11/09/2021","13.11","13.11","13.21","12.92","144.80K","0.00%"
"11/08/2021","13.11","13.11","13.21","12.92","505.17K","0.72%"
"11/07/2021","13.02","13.21","13.40","12.92","387.74K","-1.43%"
"11/04/2021","13.21","13.21","13.40","13.11","518.22K","0.00%"
"11/03/2021","13.21","13.30","13.49","13.21","492.56K","-1.41%"
"11/02/2021","13.40","13.40","13.58","13.21","480.64K","-0.70%"
"11/01/2021","13.49","13.49","13.68","13.40","270.93K","-0.69%"
"10/31/2021","13.58","13.58","13.68","13.40","716.21K","0.00%"
"10/28/2021","13.58","13.40","13.68","13.30","968.04K","2.13%"
"10/27/2021","13.30","13.02","13.40","13.02","243.81K","1.44%"
"10/26/2021","13.11","12.92","13.21","12.83","358.46K","1.46%"
"10/25/2021","12.92","13.21","13.40","12.92","285.49K","-1.44%"
"10/24/2021","13.11","13.21","13.30","13.02","487.59K","-0.71%"
"10/21/2021","13.21","13.30","13.49","13.11","339.37K","0.00%"
"10/19/2021","13.21","13.58","13.58","13.11","874.11K","-1.41%"
"10/18/2021","13.40","13.68","13.68","13.30","943.88K","-0.70%"
"10/17/2021","13.49","13.40","13.68","13.30","387.43K","0.70%"
"10/14/2021","13.40","13.58","13.58","13.30","376.52K","-0.70%"
"10/13/2021","13.49","13.68","13.77","13.40","779.13K","0.00%"
"10/12/2021","13.49","13.49","13.68","13.02","1.08M","0.00%"
"10/11/2021","13.49","13.77","13.87","13.49","401.04K","-1.38%"
"10/10/2021","13.68","13.40","13.87","13.40","429.90K","0.00%"
"10/07/2021","13.68","13.40","13.68","13.21","1.27M","2.84%"
"10/06/2021","13.30","13.40","13.49","13.02","1.23M","0.00%"
"10/05/2021","13.30","13.30","13.40","13.21","740.24K","0.00%"
"10/04/2021","13.30","13.40","13.49","13.30","390.88K","-0.70%"
"10/03/2021","13.40","13.49","13.58","13.40","643.18K","0.00%"
"09/30/2021","13.40","13.49","13.58","13.30","626.10K","0.71%"
"09/29/2021","13.30","13.96","13.96","13.11","3.62M","-3.42%"
"09/28/2021","13.77","13.96","13.96","13.68","827.41K","0.00%"
"09/27/2021","13.77","13.77","13.96","13.77","804.31K","-0.68%"
"09/26/2021","13.87","13.87","13.87","13.77","321.53K","0.00%"
"09/23/2021","13.87","13.77","13.96","13.77","675.19K","0.68%"
"09/22/2021","13.77","13.87","13.96","13.68","861.70K","-0.68%"
"09/21/2021","13.87","13.87","13.96","13.77","857.27K","0.00%"
"09/20/2021","13.87","14.06","14.06","13.77","309.47K","0.00%"
"09/19/2021","13.87","14.06","14.06","13.68","672.89K","0.00%"
"09/16/2021","13.87","13.96","14.06","13.87","1.63M","-0.68%"
"09/15/2021","13.96","13.96","14.15","13.87","790.30K","0.00%"
"09/14/2021","13.96","14.06","14.25","13.87","3.15M","-0.67%"
"09/13/2021","14.06","13.96","14.15","13.87","1.95M","0.68%"
"09/12/2021","13.96","14.06","14.15","13.87","1.03M","0.00%"
"09/09/2021","13.96","13.96","14.15","13.77","1.49M","0.68%"
"09/08/2021","13.87","13.77","13.96","13.77","673.38K","0.68%"
"09/07/2021","13.77","13.87","13.96","13.68","622.43K","-0.68%"
"09/06/2021","13.87","13.96","14.06","13.87","1.19M","-0.68%"
"09/05/2021","13.96","14.06","14.15","13.96","1.61M","0.00%"
"09/02/2021","13.96","13.68","14.15","13.58","1.84M","2.07%"
"09/01/2021","13.68","13.77","13.96","13.58","1.27M","0.00%"
"08/31/2021","13.68","13.68","13.96","13.68","734.79K","-1.36%"
"08/29/2021","13.87","13.77","14.06","13.77","532.17K","-0.68%"
"08/26/2021","13.96","14.06","14.25","13.77","1.90M","0.00%"
"08/25/2021","13.96","14.34","14.34","13.96","1.55M","-1.33%"
"08/24/2021","14.15","14.34","14.34","13.96","2.44M","-1.32%"
"08/23/2021","14.34","14.15","14.43","14.06","1.56M","0.66%"
"08/22/2021","14.25","14.06","14.53","13.87","2.18M","1.34%"
"08/19/2021","14.06","13.96","14.15","13.68","850.82K","0.68%"
"08/18/2021","13.96","14.62","14.72","13.77","1.71M","-2.63%"
"08/17/2021","14.34","13.77","14.43","13.68","4.08M","5.56%"
"08/16/2021","13.58","13.58","13.77","13.40","1.35M","1.41%"
"08/12/2021","13.40","13.40","13.49","13.21","956.11K","0.71%"
"08/11/2021","13.30","13.49","13.68","13.02","1.24M","-0.70%"
"08/10/2021","13.40","13.40","13.58","13.30","1.18M","0.71%"
"08/09/2021","13.30","13.40","13.49","13.21","2.22M","-2.08%"
"08/05/2021","13.58","13.77","13.77","13.40","993.82K","-1.37%"
"08/03/2021","13.77","13.58","13.96","13.40","1.97M","1.39%"
"08/02/2021","13.58","13.49","13.68","13.49","1.51M","0.00%"
"07/29/2021","13.58","13.49","13.68","13.40","1.04M","0.00%"
"07/28/2021","13.58","13.40","13.68","13.40","494.27K","0.70%"
"07/27/2021","13.49","13.40","13.58","13.40","960.59K","0.00%"
"07/26/2021","13.49","13.87","13.96","13.49","1.42M","-2.05%"
"07/25/2021","13.77","13.68","14.06","13.68","989.42K","0.69%"
"07/19/2021","13.68","13.40","13.68","13.40","1.40M","0.69%"
"07/18/2021","13.58","13.30","13.68","13.30","1.20M","1.41%"
"07/15/2021","13.40","13.11","13.58","13.11","2.10M","0.71%"
"07/14/2021","13.30","13.30","13.40","13.02","951.87K","0.00%"
"07/13/2021","13.30","13.02","13.40","12.92","884.40K","2.92%"
"07/12/2021","12.92","13.02","13.21","12.83","512.79K","-1.44%"
"07/08/2021","13.11","13.30","13.30","13.02","520.92K","0.00%"
"07/07/2021","13.11","13.30","13.49","13.11","485.79K","-0.71%"
"07/06/2021","13.21","13.40","13.49","13.11","492.38K","-1.41%"
"07/05/2021","13.40","13.30","13.49","13.30","669.07K","-4.99%"
"07/04/2021","14.10","14.10","14.20","13.80","2.13M","6.00%"
"06/30/2021","13.30","13.11","13.40","13.02","2.26M","2.17%"
"06/29/2021","13.02","12.92","13.30","12.64","1.92M","0.73%"
"06/28/2021","12.92","12.64","13.02","12.64","2.58M","1.48%"
"06/27/2021","12.74","12.55","12.83","12.36","1.40M","0.00%"
"06/24/2021","12.74","12.45","12.83","12.36","1.16M","0.75%"
"06/23/2021","12.64","12.74","12.74","12.45","5.14M","-0.74%"
"06/22/2021","12.74","12.83","12.83","12.45","1.87M","0.00%"
"06/21/2021","12.74","12.64","12.92","12.45","2.70M","2.27%"
"06/20/2021","12.45","12.26","12.64","12.08","4.28M","-0.75%"
"06/17/2021","12.55","12.26","12.55","12.26","978.68K","0.76%"
"06/16/2021","12.45","12.45","12.64","12.26","1.46M","0.76%"
"06/15/2021","12.36","12.55","12.64","12.36","973.37K","-1.50%"
"06/14/2021","12.55","12.45","12.64","12.17","1.66M","1.53%"
"06/13/2021","12.36","12.64","12.64","12.36","1.24M","-1.50%"
"06/10/2021","12.55","12.64","12.83","12.45","2.51M","-0.75%"
"06/09/2021","12.64","13.21","13.30","12.45","1.85M","-2.90%"
"06/08/2021","13.02","12.74","13.11","12.55","2.09M","2.22%"
"06/07/2021","12.74","12.83","13.21","12.55","2.26M","-2.17%"
"06/06/2021","13.02","13.58","13.58","12.74","3.28M","-4.17%"
"06/03/2021","13.58","14.15","14.25","13.49","2.83M","-2.70%"
"06/02/2021","13.96","14.06","14.06","13.68","2.89M","-0.67%"
"06/01/2021","14.06","14.34","14.34","13.58","7.30M","-1.29%"
"05/30/2021","14.24","14.95","14.95","13.88","12.31M","-4.19%"
"05/27/2021","14.86","14.24","15.13","14.15","18.16M","7.74%"
"05/25/2021","13.79","13.35","13.97","13.35","13.11M","3.33%"
"05/24/2021","13.35","13.26","13.44","13.26","4.49M","1.35%"
"05/23/2021","13.17","13.26","13.35","12.99","4.69M","-1.33%"
"05/20/2021","13.35","13.88","13.97","13.26","5.70M","-2.60%"
"05/19/2021","13.71","12.73","13.97","12.73","14.38M","7.69%"
"05/18/2021","12.73","12.73","12.90","12.46","5.60M","2.14%"
"05/17/2021","12.46","12.19","12.55","12.10","10.36M","3.70%"
"05/16/2021","12.01","12.01","12.10","11.84","2.56M","1.50%"
"05/12/2021","11.84","11.66","11.84","11.66","2.66M","2.31%"
"05/11/2021","11.57","11.48","11.66","11.48","2.82M","-4.19%"
"05/09/2021","12.08","12.17","12.45","11.89","1.88M","0.79%"
"05/06/2021","11.98","11.79","12.08","11.79","1.48M","0.79%"
"05/05/2021","11.89","11.51","12.08","11.51","1.44M","4.13%"
"05/04/2021","11.42","11.42","11.51","11.42","631.35K","0.00%"
"05/03/2021","11.42","11.32","11.51","11.32","1.25M","0.00%"
"05/02/2021","11.42","11.32","11.51","11.32","485.23K","0.00%"
"04/29/2021","11.42","11.23","11.51","11.23","80.74K","0.00%"
"04/28/2021","11.42","11.42","11.51","11.32","350.75K","0.00%"
"04/27/2021","11.42","11.32","11.42","11.32","155.90K","-0.82%"
"04/26/2021","11.51","11.42","11.51","11.32","483.56K","1.67%"
"04/25/2021","11.32","11.23","11.51","11.23","683.56K","0.84%"
"04/22/2021","11.23","11.23","11.32","11.13","215.59K","0.00%"
"04/21/2021","11.23","11.42","11.51","11.13","388.42K","0.00%"
"04/20/2021","11.23","11.32","11.32","11.13","99.12K","0.00%"
"04/19/2021","11.23","11.42","11.42","11.23","115.01K","-0.83%"
"04/18/2021","11.32","11.23","11.51","11.23","32.60K","-0.83%"
"04/15/2021","11.42","11.23","11.60","11.13","510.09K","1.68%"
"04/13/2021","11.23","11.13","11.23","11.13","105.78K","0.00%"
"04/12/2021","11.23","11.42","11.42","11.04","23.35K","0.85%"
"04/11/2021","11.13","11.13","11.23","10.94","118.42K","-1.67%"
"04/08/2021","11.32","11.23","11.42","11.23","67.57K","0.00%"
"04/07/2021","11.32","11.32","11.42","11.13","712.35K","0.84%"
"04/06/2021","11.23","11.13","11.32","11.04","87.19K","3.48%"
"04/05/2021","10.85","10.75","11.32","10.75","10.98K","0.88%"
"04/04/2021","10.75","10.38","11.23","10.38","235.27K","-4.20%"
"04/01/2021","11.23","11.23","11.32","11.13","217.95K","-0.83%"
"03/31/2021","11.32","11.51","11.51","11.32","383.35K","-1.64%"
"03/29/2021","11.51","11.42","11.51","11.42","132.03K","0.83%"
"03/28/2021","11.42","11.51","11.51","11.32","518.27K","0.00%"
"03/25/2021","11.42","11.32","11.51","11.32","516.07K","0.00%"
"03/24/2021","11.42","11.51","11.51","11.42","348.60K","-1.63%"
"03/23/2021","11.60","11.60","11.60","11.42","827.60K","1.65%"
"03/22/2021","11.42","11.42","11.51","11.32","558.79K","0.00%"
"03/21/2021","11.42","11.51","11.60","11.32","419.16K","0.00%"
"03/18/2021","11.42","11.51","11.60","11.42","518.88K","-2.42%"
"03/16/2021","11.70","11.79","11.89","11.51","847.70K","0.00%"
"03/15/2021","11.70","11.60","11.79","11.42","350.68K","0.81%"
"03/14/2021","11.60","11.79","11.79","11.51","193.64K","0.00%"
"03/11/2021","11.60","11.42","11.70","11.42","212.46K","0.00%"
"03/10/2021","11.60","11.70","11.79","11.42","268.32K","0.00%"
"03/09/2021","11.60","11.70","11.79","11.60","216.63K","0.00%"
"03/08/2021","11.60","11.79","11.98","11.60","376.82K","-0.81%"
"03/07/2021","11.70","11.51","11.79","11.42","883.96K","1.64%"
"03/04/2021","11.51","11.51","11.60","11.04","759.62K","0.00%"
"03/03/2021","11.51","11.42","11.60","11.23","261.96K","1.67%"
"03/02/2021","11.32","11.04","11.51","10.94","242.07K","2.56%"
"03/01/2021","11.04","11.04","11.13","10.94","84.90K","0.00%"
"02/28/2021","11.04","10.94","11.23","10.94","189.40K","-0.85%"
"02/25/2021","11.13","10.85","11.23","10.85","318.30K","2.61%"
"02/24/2021","10.85","11.13","11.13","10.75","150.35K","-0.86%"
"02/23/2021","10.94","10.85","11.23","10.85","251.48K","0.00%"
"02/22/2021","10.94","11.04","11.13","10.85","440.87K","-0.85%"
"02/18/2021","11.04","11.23","11.23","10.94","81.77K","-0.85%"
"02/17/2021","11.13","11.13","11.23","11.04","750.88K","-0.84%"
"02/16/2021","11.23","10.94","11.32","10.94","608.45K","1.71%"
"02/15/2021","11.04","10.85","11.23","10.85","643.82K","0.00%"
"02/14/2021","11.04","11.23","11.32","10.85","685.23K","-1.68%"
"02/11/2021","11.23","11.23","11.42","11.23","206.98K","-0.83%"
"02/10/2021","11.32","11.42","11.60","11.23","305.04K","-0.83%"
"02/09/2021","11.42","11.42","11.60","11.32","427.17K","-0.82%"
"02/08/2021","11.51","11.42","11.60","10.94","1.63M","1.67%"
"02/07/2021","11.32","11.60","11.79","11.32","1.01M","-4.00%"
"02/04/2021","11.79","11.70","11.79","11.42","166.41K","2.46%"
"02/03/2021","11.51","11.79","11.79","11.42","326.22K","-0.81%"
"02/02/2021","11.60","11.70","11.70","11.32","307.73K","0.00%"
"02/01/2021","11.60","11.79","11.89","11.51","723.12K","-0.81%"
"01/31/2021","11.70","11.70","12.08","11.60","426.02K","-1.59%"
"01/28/2021","11.89","11.70","11.98","11.70","482.33K","0.80%"
"01/27/2021","11.79","11.98","11.98","11.70","1.61M","-1.57%"
"01/26/2021","11.98","11.98","12.17","11.79","1.53M","0.00%"
"01/25/2021","11.98","12.17","12.36","11.98","1.99M","-3.05%"
"01/24/2021","12.36","12.26","12.45","12.17","2.56M","0.00%"
"01/21/2021","12.36","12.17","12.45","12.08","2.68M","1.55%"
"01/20/2021","12.17","12.08","12.17","11.98","1.07M","0.00%"
"01/19/2021","12.17","12.08","12.17","11.98","936.52K","0.78%"
"01/18/2021","12.08","12.26","12.36","11.89","1.54M","-0.78%"
"01/17/2021","12.17","12.17","12.55","12.08","1.75M","1.57%"
"01/14/2021","11.98","12.17","12.55","11.89","2.02M","0.79%"
"01/13/2021","11.89","12.26","12.26","11.79","1.63M","-1.56%"
"01/12/2021","12.08","11.98","12.36","11.89","1.34M","0.79%"
"01/11/2021","11.98","12.26","12.26","11.79","828.33K","-1.55%"
"01/10/2021","12.17","12.64","12.64","12.08","1.05M","-2.27%"
"01/07/2021","12.45","12.45","13.21","12.36","1.91M","0.76%"
"01/06/2021","12.36","12.17","12.45","11.89","1.67M","1.55%"
"01/05/2021","12.17","11.79","12.83","11.70","8.03M","4.03%"
"01/04/2021","11.70","11.60","11.79","11.42","1.24M","1.64%"
"01/03/2021","11.51","11.23","11.60","11.04","1.78M","2.52%"
"12/30/2020","11.23","11.32","11.51","11.04","1.40M","-1.65%"
"12/29/2020","11.42","11.60","11.60","11.32","387.74K","-0.82%"
"12/28/2020","11.51","11.51","11.60","11.42","597.05K","0.00%"
"12/27/2020","11.51","11.32","11.60","11.32","1.34M","2.52%"
"12/24/2020","11.23","10.94","11.42","10.94","767.35K","2.59%"
"12/23/2020","10.94","11.32","11.32","10.85","643.14K","-1.69%"
"12/22/2020","11.13","11.32","11.32","11.04","843.58K","-1.67%"
"12/21/2020","11.32","11.42","11.42","11.13","1.35M","-0.83%"
"12/20/2020","11.42","11.51","11.60","11.32","406.72K","-0.82%"
"12/17/2020","11.51","11.60","11.70","11.42","618.16K","-0.81%"
"12/15/2020","11.60","11.51","11.60","11.42","323.80K","0.82%"
"12/14/2020","11.51","11.70","11.79","11.42","670.62K","-2.40%"
"12/13/2020","11.79","11.60","11.89","11.32","1.58M","1.63%"
"12/10/2020","11.60","11.60","11.79","11.51","370.80K","-0.81%"
"12/09/2020","11.70","11.51","11.70","11.42","271.75K","1.64%"
"12/08/2020","11.51","11.70","11.70","11.42","482.53K","-1.61%"
"12/07/2020","11.70","11.60","11.79","11.60","801.99K","0.81%"
"12/06/2020","11.60","11.51","11.70","11.42","1.01M","0.82%"
"12/03/2020","11.51","11.60","11.70","11.51","462.83K","-1.61%"
"12/02/2020","11.70","11.51","11.70","11.42","827.01K","0.81%"
"12/01/2020","11.60","11.32","11.60","11.32","1.58M","2.50%"
"11/30/2020","11.32","11.13","11.42","11.04","652.46K","2.56%"
"11/29/2020","11.04","11.13","11.13","11.04","366.74K","-1.68%"
"11/26/2020","11.23","11.13","11.32","11.13","280.19K","0.85%"
"11/25/2020","11.13","11.32","11.32","11.04","551.28K","-0.84%"
"11/24/2020","11.23","11.13","12.08","11.04","2.33M","0.00%"
"11/23/2020","11.23","11.04","11.32","10.85","673.56K","0.85%"
"11/22/2020","11.13","11.23","11.23","11.04","801.05K","-0.84%"
"11/19/2020","11.23","11.23","11.32","11.13","647.35K","0.00%"
"11/18/2020","11.23","11.32","11.32","11.04","630.14K","0.85%"
"11/17/2020","11.13","10.85","11.23","10.75","892.03K","2.61%"
"11/16/2020","10.85","10.85","11.04","10.75","383.08K","0.00%"
"11/15/2020","10.85","11.04","11.13","10.75","392.31K","0.00%"
"11/12/2020","10.85","10.94","11.04","10.85","160.47K","-0.86%"
"11/11/2020","10.94","11.04","11.04","10.75","130.56K","-0.85%"
"11/10/2020","11.04","10.85","11.04","10.75","188.31K","1.74%"
"11/09/2020","10.85","10.85","11.04","10.85","103.82K","0.00%"
"11/08/2020","10.85","10.94","11.04","10.85","535.21K","-1.71%"
"11/05/2020","11.04","10.85","11.13","10.38","276.92K","0.00%"
"11/04/2020","11.04","11.13","11.23","10.94","476.49K","-1.68%"
"11/03/2020","11.23","11.23","11.60","11.13","811.24K","0.85%"
"11/02/2020","11.13","10.85","11.23","10.75","864.63K","2.61%"
"11/01/2020","10.85","10.57","10.85","10.57","244.37K","2.68%"
"10/29/2020","10.57","10.75","10.75","10.47","569.20K","-0.88%"
"10/28/2020","10.66","10.66","10.75","10.47","1.16M","0.89%"
"10/27/2020","10.57","10.57","10.75","10.47","351.36K","-0.88%"
"10/25/2020","10.66","10.85","10.85","10.57","529.20K","-1.74%"
"10/22/2020","10.85","11.04","11.04","10.75","593.77K","0.00%"
"10/21/2020","10.85","11.04","11.13","10.85","115.74K","-1.71%"
"10/20/2020","11.04","10.94","11.13","10.94","462.51K","0.00%"
"10/19/2020","11.04","11.04","11.23","10.85","599.88K","0.00%"
"10/18/2020","11.04","10.85","11.13","10.85","247.65K","1.74%"
"10/15/2020","10.85","11.04","11.04","10.85","523.02K","-0.86%"
"10/14/2020","10.94","10.94","11.13","10.85","146.28K","0.00%"
"10/13/2020","10.94","11.04","11.13","10.85","107.26K","0.87%"
"10/12/2020","10.85","10.85","11.04","10.75","451.80K","-1.71%"
"10/11/2020","11.04","11.13","11.23","10.94","291.60K","-0.85%"
"10/08/2020","11.13","11.23","11.42","10.94","1.08M","-1.67%"
"10/07/2020","11.32","11.32","11.51","11.23","460.71K","0.00%"
"10/06/2020","11.32","11.42","11.51","11.23","310.51K","-1.64%"
"10/05/2020","11.51","11.42","11.60","11.32","255.29K","0.00%"
"10/04/2020","11.51","11.51","11.60","11.32","448.54K","0.00%"
"10/01/2020","11.51","11.42","11.70","11.42","259.44K","0.00%"
"09/30/2020","11.51","11.60","11.70","11.42","460.08K","-1.61%"
"09/29/2020","11.70","11.98","11.98","11.60","449.81K","-1.59%"
"09/28/2020","11.89","11.70","11.98","11.70","539.66K","1.61%"
"09/27/2020","11.70","11.89","12.08","11.60","583.15K","0.00%"
"09/24/2020","11.70","11.79","11.79","11.51","343.65K","0.81%"
"09/23/2020","11.60","11.89","11.89","11.51","434.39K","-0.81%"
"09/22/2020","11.70","11.70","11.79","11.60","275.10K","-0.80%"
"09/21/2020","11.79","12.08","12.08","11.70","438.71K","-2.34%"
"09/20/2020","12.08","12.08","12.17","11.79","280.22K","0.79%"
"09/17/2020","11.98","12.17","12.17","11.89","683.21K","-1.55%"
"09/16/2020","12.17","12.17","12.17","11.98","661.43K","0.78%"
"09/15/2020","12.08","11.98","12.17","11.79","389.01K","0.00%"
"09/14/2020","12.08","12.26","12.45","11.79","1.24M","-0.78%"
"09/13/2020","12.17","11.89","12.17","11.79","1.97M","3.20%"
"09/10/2020","11.79","11.60","11.79","11.42","683.06K","1.63%"
"09/09/2020","11.60","11.60","11.70","11.42","477.88K","0.00%"
"09/08/2020","11.60","11.42","11.79","11.42","361.91K","-0.81%"
"09/07/2020","11.70","11.79","11.89","11.70","320.20K","-0.80%"
"09/06/2020","11.79","11.89","11.89","11.60","539.71K","0.81%"
"09/03/2020","11.70","11.13","11.89","11.04","1.53M","5.08%"
"09/02/2020","11.13","11.23","11.32","11.13","349.71K","-0.84%"
"09/01/2020","11.23","11.32","11.32","11.13","281.49K","-0.83%"